Handle,Title,Body (HTML),Vendor,Product Category,Type,Tags,Published,Option1 Name,Option1 Value,Variant SKU,Variant Inventory Tracker,Variant Inventory Qty,Variant Inventory Policy,Variant Fulfillment Service,Variant Price,Image Src,Image Position,Status
digital-carpet-001,Digital Carpet 001,"<p>Premium bedroom rugs with a modern digital print. Soft pile, easy to clean.</p><ul><li>Stain resistant</li><li>Sizes available</li></ul>",CatalogForge Demo,,Bedroom Rugs,"carpet,demo",TRUE,Title,Default Title,DC-001-1,shopify,12,deny,manual,2499,https://picsum.photos/seed/dc1a/1200/1200.jpg,1,active
digital-carpet-001,,,,,,,,,,,,,,,,https://picsum.photos/seed/dc1b/1200/1200.jpg,2,
digital-carpet-002,Digital Carpet 002,"<p>Premium runners with a modern digital print. Soft pile, easy to clean.</p><ul><li>Stain resistant</li><li>Sizes available</li></ul>",CatalogForge Demo,,Runners,"carpet,demo",TRUE,Title,Default Title,DC-002-1,shopify,6,deny,manual,3499,https://picsum.photos/seed/dc2a/1200/1200.jpg,1,active
digital-carpet-002,,,,,,,,,,,,,,,,https://picsum.photos/seed/dc2b/1200/1200.jpg,2,
digital-carpet-003,Digital Carpet 003,"<p>Premium doormats with a modern digital print. Soft pile, easy to clean.</p><ul><li>Stain resistant</li><li>Sizes available</li></ul>",CatalogForge Demo,,Doormats,"carpet,demo",TRUE,Title,Default Title,DC-003-1,shopify,37,deny,manual,1499,https://picsum.photos/seed/dc3a/1200/1200.jpg,1,active
digital-carpet-003,,,,,,,,,,,,,,,,https://picsum.photos/seed/dc3b/1200/1200.jpg,2,
digital-carpet-004,Digital Carpet 004,"<p>Premium kids play mats with a modern digital print. Soft pile, easy to clean.</p><ul><li>Stain resistant</li><li>Sizes available</li></ul>",CatalogForge Demo,,Kids Play Mats,"carpet,demo",TRUE,Title,Default Title,DC-004-1,shopify,26,deny,manual,1499,https://picsum.photos/seed/dc4a/1200/1200.jpg,1,active
digital-carpet-004,,,,,,,,,,,,,,,,https://picsum.photos/seed/dc4b/1200/1200.jpg,2,
digital-carpet-005,Digital Carpet 005,"<p>Premium living room carpets with a modern digital print. Soft pile, easy to clean.</p><ul><li>Stain resistant</li><li>Sizes available</li></ul>",CatalogForge Demo,,Living Room Carpets,"carpet,demo",TRUE,Title,Default Title,DC-005-1,shopify,6,deny,manual,4999,https://picsum.photos/seed/dc5a/1200/1200.jpg,1,active
digital-carpet-005,,,,,,,,,,,,,,,,https://picsum.photos/seed/dc5b/1200/1200.jpg,2,
digital-carpet-006,Digital Carpet 006,"<p>Premium bedroom rugs with a modern digital print. Soft pile, easy to clean.</p><ul><li>Stain resistant</li><li>Sizes available</li></ul>",CatalogForge Demo,,Bedroom Rugs,"carpet,demo",TRUE,Title,Default Title,DC-006-1,shopify,16,deny,manual,4999,https://picsum.photos/seed/dc6a/1200/1200.jpg,1,active
digital-carpet-006,,,,,,,,,,,,,,,,https://picsum.photos/seed/dc6b/1200/1200.jpg,2,
digital-carpet-007,Digital Carpet 007,"<p>Premium runners with a modern digital print. Soft pile, easy to clean.</p><ul><li>Stain resistant</li><li>Sizes available</li></ul>",CatalogForge Demo,,Runners,"carpet,demo",TRUE,Title,Default Title,DC-007-1,shopify,8,deny,manual,1499,https://picsum.photos/seed/dc7a/1200/1200.jpg,1,active
digital-carpet-007,,,,,,,,,,,,,,,,https://picsum.photos/seed/dc7b/1200/1200.jpg,2,
digital-carpet-008,Digital Carpet 008,"<p>Premium doormats with a modern digital print. Soft pile, easy to clean.</p><ul><li>Stain resistant</li><li>Sizes available</li></ul>",CatalogForge Demo,,Doormats,"carpet,demo",TRUE,Title,Default Title,DC-008-1,shopify,29,deny,manual,3499,https://picsum.photos/seed/dc8a/1200/1200.jpg,1,active
digital-carpet-008,,,,,,,,,,,,,,,,https://picsum.photos/seed/dc8b/1200/1200.jpg,2,
digital-carpet-009,Digital Carpet 009,"<p>Premium kids play mats with a modern digital print. Soft pile, easy to clean.</p><ul><li>Stain resistant</li><li>Sizes available</li></ul>",CatalogForge Demo,,Kids Play Mats,"carpet,demo",TRUE,Title,Default Title,DC-009-1,shopify,0,deny,manual,1499,https://picsum.photos/seed/dc9a/1200/1200.jpg,1,active
digital-carpet-009,,,,,,,,,,,,,,,,https://picsum.photos/seed/dc9b/1200/1200.jpg,2,
digital-carpet-010,Digital Carpet 010,"<p>Premium living room carpets with a modern digital print. Soft pile, easy to clean.</p><ul><li>Stain resistant</li><li>Sizes available</li></ul>",CatalogForge Demo,,Living Room Carpets,"carpet,demo",TRUE,Size,5x7 ft,DC-010-1,shopify,8,deny,manual,1999,https://picsum.photos/seed/dc10a/1200/1200.jpg,1,active
digital-carpet-010,,,,,,,,Size,6x9 ft,DC-010-2,shopify,8,deny,manual,2999,,,
digital-carpet-010,,,,,,,,,,,,,,,,https://picsum.photos/seed/dc10b/1200/1200.jpg,2,
digital-carpet-011,Digital Carpet 011,"<p>Premium bedroom rugs with a modern digital print. Soft pile, easy to clean.</p><ul><li>Stain resistant</li><li>Sizes available</li></ul>",CatalogForge Demo,,Bedroom Rugs,"carpet,demo",TRUE,Title,Default Title,DC-011-1,shopify,30,deny,manual,4999,https://picsum.photos/seed/dc11a/1200/1200.jpg,1,active
digital-carpet-011,,,,,,,,,,,,,,,,https://picsum.photos/seed/dc11b/1200/1200.jpg,2,
digital-carpet-012,Digital Carpet 012,"<p>Premium runners with a modern digital print. Soft pile, easy to clean.</p><ul><li>Stain resistant</li><li>Sizes available</li></ul>",CatalogForge Demo,,Runners,"carpet,demo",TRUE,Title,Default Title,DC-012-1,shopify,39,deny,manual,1499,https://picsum.photos/seed/dc12a/1200/1200.jpg,1,active
digital-carpet-012,,,,,,,,,,,,,,,,https://picsum.photos/seed/dc12b/1200/1200.jpg,2,
digital-carpet-013,Digital Carpet 013,"<p>Premium doormats with a modern digital print. Soft pile, easy to clean.</p><ul><li>Stain resistant</li><li>Sizes available</li></ul>",CatalogForge Demo,,Doormats,"carpet,demo",TRUE,Title,Default Title,DC-013-1,shopify,17,deny,manual,1499,https://picsum.photos/seed/dc13a/1200/1200.jpg,1,active
digital-carpet-013,,,,,,,,,,,,,,,,https://picsum.photos/seed/dc13b/1200/1200.jpg,2,
digital-carpet-014,Digital Carpet 014,"<p>Premium kids play mats with a modern digital print. Soft pile, easy to clean.</p><ul><li>Stain resistant</li><li>Sizes available</li></ul>",CatalogForge Demo,,Kids Play Mats,"carpet,demo",TRUE,Title,Default Title,DC-014-1,shopify,40,deny,manual,6999,https://picsum.photos/seed/dc14a/1200/1200.jpg,1,active
digital-carpet-014,,,,,,,,,,,,,,,,https://picsum.photos/seed/dc14b/1200/1200.jpg,2,
digital-carpet-015,Digital Carpet 015,"<p>Premium living room carpets with a modern digital print. Soft pile, easy to clean.</p><ul><li>Stain resistant</li><li>Sizes available</li></ul>",CatalogForge Demo,,Living Room Carpets,"carpet,demo",TRUE,Title,Default Title,DC-015-1,shopify,39,deny,manual,1499,https://picsum.photos/seed/dc15a/1200/1200.jpg,1,active
digital-carpet-015,,,,,,,,,,,,,,,,https://picsum.photos/seed/dc15b/1200/1200.jpg,2,
digital-carpet-016,Digital Carpet 016,"<p>Premium bedroom rugs with a modern digital print. Soft pile, easy to clean.</p><ul><li>Stain resistant</li><li>Sizes available</li></ul>",CatalogForge Demo,,Bedroom Rugs,"carpet,demo",TRUE,Title,Default Title,DC-016-1,shopify,28,deny,manual,4999,https://picsum.photos/seed/dc16a/1200/1200.jpg,1,active
digital-carpet-016,,,,,,,,,,,,,,,,https://picsum.photos/seed/dc16b/1200/1200.jpg,2,
digital-carpet-017,Digital Carpet 017,"<p>Premium runners with a modern digital print. Soft pile, easy to clean.</p><ul><li>Stain resistant</li><li>Sizes available</li></ul>",CatalogForge Demo,,Runners,"carpet,demo",TRUE,Title,Default Title,DC-017-1,shopify,17,deny,manual,1499,https://picsum.photos/seed/dc17a/1200/1200.jpg,1,active
digital-carpet-017,,,,,,,,,,,,,,,,https://picsum.photos/seed/dc17b/1200/1200.jpg,2,
digital-carpet-018,Digital Carpet 018,"<p>Premium doormats with a modern digital print. Soft pile, easy to clean.</p><ul><li>Stain resistant</li><li>Sizes available</li></ul>",CatalogForge Demo,,Doormats,"carpet,demo",TRUE,Title,Default Title,DC-018-1,shopify,0,deny,manual,1499,https://picsum.photos/seed/dc18a/1200/1200.jpg,1,active
digital-carpet-018,,,,,,,,,,,,,,,,https://picsum.photos/seed/dc18b/1200/1200.jpg,2,
digital-carpet-019,Digital Carpet 019,"<p>Premium kids play mats with a modern digital print. Soft pile, easy to clean.</p><ul><li>Stain resistant</li><li>Sizes available</li></ul>",CatalogForge Demo,,Kids Play Mats,"carpet,demo",TRUE,Title,Default Title,DC-019-1,shopify,11,deny,manual,4999,https://picsum.photos/seed/dc19a/1200/1200.jpg,1,active
digital-carpet-019,,,,,,,,,,,,,,,,https://picsum.photos/seed/dc19b/1200/1200.jpg,2,
digital-carpet-020,Digital Carpet 020,"<p>Premium living room carpets with a modern digital print. Soft pile, easy to clean.</p><ul><li>Stain resistant</li><li>Sizes available</li></ul>",CatalogForge Demo,,Living Room Carpets,"carpet,demo",TRUE,Size,5x7 ft,DC-020-1,shopify,29,deny,manual,2499,https://picsum.photos/seed/dc20a/1200/1200.jpg,1,active
digital-carpet-020,,,,,,,,Size,6x9 ft,DC-020-2,shopify,29,deny,manual,3499,,,
digital-carpet-020,,,,,,,,,,,,,,,,https://picsum.photos/seed/dc20b/1200/1200.jpg,2,
digital-carpet-021,Digital Carpet 021,"<p>Premium bedroom rugs with a modern digital print. Soft pile, easy to clean.</p><ul><li>Stain resistant</li><li>Sizes available</li></ul>",CatalogForge Demo,,Bedroom Rugs,"carpet,demo",TRUE,Title,Default Title,DC-021-1,shopify,37,deny,manual,1999,https://picsum.photos/seed/dc21a/1200/1200.jpg,1,active
digital-carpet-021,,,,,,,,,,,,,,,,https://picsum.photos/seed/dc21b/1200/1200.jpg,2,
digital-carpet-022,Digital Carpet 022,"<p>Premium runners with a modern digital print. Soft pile, easy to clean.</p><ul><li>Stain resistant</li><li>Sizes available</li></ul>",CatalogForge Demo,,Runners,"carpet,demo",TRUE,Title,Default Title,DC-022-1,shopify,39,deny,manual,1499,https://picsum.photos/seed/dc22a/1200/1200.jpg,1,active
digital-carpet-022,,,,,,,,,,,,,,,,https://picsum.photos/seed/dc22b/1200/1200.jpg,2,
digital-carpet-023,Digital Carpet 023,"<p>Premium doormats with a modern digital print. Soft pile, easy to clean.</p><ul><li>Stain resistant</li><li>Sizes available</li></ul>",CatalogForge Demo,,Doormats,"carpet,demo",TRUE,Title,Default Title,DC-023-1,shopify,38,deny,manual,2499,https://picsum.photos/seed/dc23a/1200/1200.jpg,1,active
digital-carpet-023,,,,,,,,,,,,,,,,https://picsum.photos/seed/dc23b/1200/1200.jpg,2,
digital-carpet-024,Digital Carpet 024,"<p>Premium kids play mats with a modern digital print. Soft pile, easy to clean.</p><ul><li>Stain resistant</li><li>Sizes available</li></ul>",CatalogForge Demo,,Kids Play Mats,"carpet,demo",TRUE,Title,Default Title,DC-024-1,shopify,14,deny,manual,6999,https://picsum.photos/seed/dc24a/1200/1200.jpg,1,active
digital-carpet-024,,,,,,,,,,,,,,,,https://picsum.photos/seed/dc24b/1200/1200.jpg,2,
digital-carpet-025,Digital Carpet 025,"<p>Premium living room carpets with a modern digital print. Soft pile, easy to clean.</p><ul><li>Stain resistant</li><li>Sizes available</li></ul>",CatalogForge Demo,,Living Room Carpets,"carpet,demo",TRUE,Title,Default Title,DC-025-1,shopify,40,deny,manual,1499,https://picsum.photos/seed/dc25a/1200/1200.jpg,1,active
digital-carpet-025,,,,,,,,,,,,,,,,https://picsum.photos/seed/dc25b/1200/1200.jpg,2,
digital-carpet-026,Digital Carpet 026,"<p>Premium bedroom rugs with a modern digital print. Soft pile, easy to clean.</p><ul><li>Stain resistant</li><li>Sizes available</li></ul>",CatalogForge Demo,,Bedroom Rugs,"carpet,demo",TRUE,Title,Default Title,DC-026-1,shopify,15,deny,manual,4999,https://picsum.photos/seed/dc26a/1200/1200.jpg,1,active
digital-carpet-026,,,,,,,,,,,,,,,,https://picsum.photos/seed/dc26b/1200/1200.jpg,2,
digital-carpet-027,Digital Carpet 027,"<p>Premium runners with a modern digital print. Soft pile, easy to clean.</p><ul><li>Stain resistant</li><li>Sizes available</li></ul>",CatalogForge Demo,,Runners,"carpet,demo",TRUE,Title,Default Title,DC-027-1,shopify,0,deny,manual,2499,https://picsum.photos/seed/dc27a/1200/1200.jpg,1,active
digital-carpet-027,,,,,,,,,,,,,,,,https://picsum.photos/seed/dc27b/1200/1200.jpg,2,
digital-carpet-028,Digital Carpet 028,"<p>Premium doormats with a modern digital print. Soft pile, easy to clean.</p><ul><li>Stain resistant</li><li>Sizes available</li></ul>",CatalogForge Demo,,Doormats,"carpet,demo",TRUE,Title,Default Title,DC-028-1,shopify,38,deny,manual,1499,https://picsum.photos/seed/dc28a/1200/1200.jpg,1,active
digital-carpet-028,,,,,,,,,,,,,,,,https://picsum.photos/seed/dc28b/1200/1200.jpg,2,
digital-carpet-029,Digital Carpet 029,"<p>Premium kids play mats with a modern digital print. Soft pile, easy to clean.</p><ul><li>Stain resistant</li><li>Sizes available</li></ul>",CatalogForge Demo,,Kids Play Mats,"carpet,demo",TRUE,Title,Default Title,DC-029-1,shopify,7,deny,manual,6999,https://picsum.photos/seed/dc29a/1200/1200.jpg,1,active
digital-carpet-029,,,,,,,,,,,,,,,,https://picsum.photos/seed/dc29b/1200/1200.jpg,2,
digital-carpet-030,Digital Carpet 030,"<p>Premium living room carpets with a modern digital print. Soft pile, easy to clean.</p><ul><li>Stain resistant</li><li>Sizes available</li></ul>",CatalogForge Demo,,Living Room Carpets,"carpet,demo",TRUE,Size,5x7 ft,DC-030-1,shopify,6,deny,manual,4999,https://picsum.photos/seed/dc30a/1200/1200.jpg,1,active
digital-carpet-030,,,,,,,,Size,6x9 ft,DC-030-2,shopify,6,deny,manual,5999,,,
digital-carpet-030,,,,,,,,,,,,,,,,https://picsum.photos/seed/dc30b/1200/1200.jpg,2,
digital-carpet-031,Digital Carpet 031,"<p>Premium bedroom rugs with a modern digital print. Soft pile, easy to clean.</p><ul><li>Stain resistant</li><li>Sizes available</li></ul>",CatalogForge Demo,,Bedroom Rugs,"carpet,demo",TRUE,Title,Default Title,DC-031-1,shopify,16,deny,manual,4999,https://picsum.photos/seed/dc31a/1200/1200.jpg,1,active
digital-carpet-031,,,,,,,,,,,,,,,,https://picsum.photos/seed/dc31b/1200/1200.jpg,2,
digital-carpet-032,Digital Carpet 032,"<p>Premium runners with a modern digital print. Soft pile, easy to clean.</p><ul><li>Stain resistant</li><li>Sizes available</li></ul>",CatalogForge Demo,,Runners,"carpet,demo",TRUE,Title,Default Title,DC-032-1,shopify,37,deny,manual,3499,https://picsum.photos/seed/dc32a/1200/1200.jpg,1,active
digital-carpet-032,,,,,,,,,,,,,,,,https://picsum.photos/seed/dc32b/1200/1200.jpg,2,
digital-carpet-033,Digital Carpet 033,"<p>Premium doormats with a modern digital print. Soft pile, easy to clean.</p><ul><li>Stain resistant</li><li>Sizes available</li></ul>",CatalogForge Demo,,Doormats,"carpet,demo",TRUE,Title,Default Title,DC-033-1,shopify,23,deny,manual,3499,https://picsum.photos/seed/dc33a/1200/1200.jpg,1,active
digital-carpet-033,,,,,,,,,,,,,,,,https://picsum.photos/seed/dc33b/1200/1200.jpg,2,
digital-carpet-034,Digital Carpet 034,"<p>Premium kids play mats with a modern digital print. Soft pile, easy to clean.</p><ul><li>Stain resistant</li><li>Sizes available</li></ul>",CatalogForge Demo,,Kids Play Mats,"carpet,demo",TRUE,Title,Default Title,DC-034-1,shopify,40,deny,manual,3499,https://picsum.photos/seed/dc34a/1200/1200.jpg,1,active
digital-carpet-034,,,,,,,,,,,,,,,,https://picsum.photos/seed/dc34b/1200/1200.jpg,2,
digital-carpet-035,Digital Carpet 035,"<p>Premium living room carpets with a modern digital print. Soft pile, easy to clean.</p><ul><li>Stain resistant</li><li>Sizes available</li></ul>",CatalogForge Demo,,Living Room Carpets,"carpet,demo",TRUE,Title,Default Title,DC-035-1,shopify,26,deny,manual,3499,https://picsum.photos/seed/dc35a/1200/1200.jpg,1,active
digital-carpet-035,,,,,,,,,,,,,,,,https://picsum.photos/seed/dc35b/1200/1200.jpg,2,
digital-carpet-036,Digital Carpet 036,"<p>Premium bedroom rugs with a modern digital print. Soft pile, easy to clean.</p><ul><li>Stain resistant</li><li>Sizes available</li></ul>",CatalogForge Demo,,Bedroom Rugs,"carpet,demo",TRUE,Title,Default Title,DC-036-1,shopify,0,deny,manual,2499,https://picsum.photos/seed/dc36a/1200/1200.jpg,1,active
digital-carpet-036,,,,,,,,,,,,,,,,https://picsum.photos/seed/dc36b/1200/1200.jpg,2,
digital-carpet-037,Digital Carpet 037,"<p>Premium runners with a modern digital print. Soft pile, easy to clean.</p><ul><li>Stain resistant</li><li>Sizes available</li></ul>",CatalogForge Demo,,Runners,"carpet,demo",TRUE,Title,Default Title,DC-037-1,shopify,14,deny,manual,1999,https://picsum.photos/seed/dc37a/1200/1200.jpg,1,active
digital-carpet-037,,,,,,,,,,,,,,,,https://picsum.photos/seed/dc37b/1200/1200.jpg,2,
digital-carpet-038,Digital Carpet 038,"<p>Premium doormats with a modern digital print. Soft pile, easy to clean.</p><ul><li>Stain resistant</li><li>Sizes available</li></ul>",CatalogForge Demo,,Doormats,"carpet,demo",TRUE,Title,Default Title,DC-038-1,shopify,18,deny,manual,6999,https://picsum.photos/seed/dc38a/1200/1200.jpg,1,active
digital-carpet-038,,,,,,,,,,,,,,,,https://picsum.photos/seed/dc38b/1200/1200.jpg,2,
digital-carpet-039,Digital Carpet 039,"<p>Premium kids play mats with a modern digital print. Soft pile, easy to clean.</p><ul><li>Stain resistant</li><li>Sizes available</li></ul>",CatalogForge Demo,,Kids Play Mats,"carpet,demo",TRUE,Title,Default Title,DC-039-1,shopify,39,deny,manual,1499,https://picsum.photos/seed/dc39a/1200/1200.jpg,1,active
digital-carpet-039,,,,,,,,,,,,,,,,https://picsum.photos/seed/dc39b/1200/1200.jpg,2,
digital-carpet-040,Digital Carpet 040,"<p>Premium living room carpets with a modern digital print. Soft pile, easy to clean.</p><ul><li>Stain resistant</li><li>Sizes available</li></ul>",CatalogForge Demo,,Living Room Carpets,"carpet,demo",TRUE,Size,5x7 ft,DC-040-1,shopify,36,deny,manual,2499,https://picsum.photos/seed/dc40a/1200/1200.jpg,1,active
digital-carpet-040,,,,,,,,Size,6x9 ft,DC-040-2,shopify,36,deny,manual,3499,,,
digital-carpet-040,,,,,,,,,,,,,,,,https://picsum.photos/seed/dc40b/1200/1200.jpg,2,
digital-carpet-041,Digital Carpet 041,"<p>Premium bedroom rugs with a modern digital print. Soft pile, easy to clean.</p><ul><li>Stain resistant</li><li>Sizes available</li></ul>",CatalogForge Demo,,Bedroom Rugs,"carpet,demo",TRUE,Title,Default Title,DC-041-1,shopify,24,deny,manual,3499,https://picsum.photos/seed/dc41a/1200/1200.jpg,1,active
digital-carpet-041,,,,,,,,,,,,,,,,https://picsum.photos/seed/dc41b/1200/1200.jpg,2,
digital-carpet-042,Digital Carpet 042,"<p>Premium runners with a modern digital print. Soft pile, easy to clean.</p><ul><li>Stain resistant</li><li>Sizes available</li></ul>",CatalogForge Demo,,Runners,"carpet,demo",TRUE,Title,Default Title,DC-042-1,shopify,31,deny,manual,6999,https://picsum.photos/seed/dc42a/1200/1200.jpg,1,active
digital-carpet-042,,,,,,,,,,,,,,,,https://picsum.photos/seed/dc42b/1200/1200.jpg,2,
digital-carpet-043,Digital Carpet 043,"<p>Premium doormats with a modern digital print. Soft pile, easy to clean.</p><ul><li>Stain resistant</li><li>Sizes available</li></ul>",CatalogForge Demo,,Doormats,"carpet,demo",TRUE,Title,Default Title,DC-043-1,shopify,7,deny,manual,2499,https://picsum.photos/seed/dc43a/1200/1200.jpg,1,active
digital-carpet-043,,,,,,,,,,,,,,,,https://picsum.photos/seed/dc43b/1200/1200.jpg,2,
digital-carpet-044,Digital Carpet 044,"<p>Premium kids play mats with a modern digital print. Soft pile, easy to clean.</p><ul><li>Stain resistant</li><li>Sizes available</li></ul>",CatalogForge Demo,,Kids Play Mats,"carpet,demo",TRUE,Title,Default Title,DC-044-1,shopify,35,deny,manual,1499,https://picsum.photos/seed/dc44a/1200/1200.jpg,1,active
digital-carpet-044,,,,,,,,,,,,,,,,https://picsum.photos/seed/dc44b/1200/1200.jpg,2,
digital-carpet-045,Digital Carpet 045,"<p>Premium living room carpets with a modern digital print. Soft pile, easy to clean.</p><ul><li>Stain resistant</li><li>Sizes available</li></ul>",CatalogForge Demo,,Living Room Carpets,"carpet,demo",TRUE,Title,Default Title,DC-045-1,shopify,0,deny,manual,3499,https://picsum.photos/seed/dc45a/1200/1200.jpg,1,active
digital-carpet-045,,,,,,,,,,,,,,,,https://picsum.photos/seed/dc45b/1200/1200.jpg,2,
digital-carpet-046,Digital Carpet 046,"<p>Premium bedroom rugs with a modern digital print. Soft pile, easy to clean.</p><ul><li>Stain resistant</li><li>Sizes available</li></ul>",CatalogForge Demo,,Bedroom Rugs,"carpet,demo",TRUE,Title,Default Title,DC-046-1,shopify,24,deny,manual,1999,https://picsum.photos/seed/dc46a/1200/1200.jpg,1,active
digital-carpet-046,,,,,,,,,,,,,,,,https://picsum.photos/seed/dc46b/1200/1200.jpg,2,
digital-carpet-047,Digital Carpet 047,"<p>Premium runners with a modern digital print. Soft pile, easy to clean.</p><ul><li>Stain resistant</li><li>Sizes available</li></ul>",CatalogForge Demo,,Runners,"carpet,demo",TRUE,Title,Default Title,DC-047-1,shopify,34,deny,manual,1999,https://picsum.photos/seed/dc47a/1200/1200.jpg,1,active
digital-carpet-047,,,,,,,,,,,,,,,,https://picsum.photos/seed/dc47b/1200/1200.jpg,2,
digital-carpet-048,Digital Carpet 048,"<p>Premium doormats with a modern digital print. Soft pile, easy to clean.</p><ul><li>Stain resistant</li><li>Sizes available</li></ul>",CatalogForge Demo,,Doormats,"carpet,demo",TRUE,Title,Default Title,DC-048-1,shopify,5,deny,manual,3499,https://picsum.photos/seed/dc48a/1200/1200.jpg,1,active
digital-carpet-048,,,,,,,,,,,,,,,,https://picsum.photos/seed/dc48b/1200/1200.jpg,2,
digital-carpet-049,Digital Carpet 049,"<p>Premium kids play mats with a modern digital print. Soft pile, easy to clean.</p><ul><li>Stain resistant</li><li>Sizes available</li></ul>",CatalogForge Demo,,Kids Play Mats,"carpet,demo",TRUE,Title,Default Title,DC-049-1,shopify,7,deny,manual,6999,https://picsum.photos/seed/dc49a/1200/1200.jpg,1,active
digital-carpet-049,,,,,,,,,,,,,,,,https://picsum.photos/seed/dc49b/1200/1200.jpg,2,
digital-carpet-050,Digital Carpet 050,"<p>Premium living room carpets with a modern digital print. Soft pile, easy to clean.</p><ul><li>Stain resistant</li><li>Sizes available</li></ul>",CatalogForge Demo,,Living Room Carpets,"carpet,demo",TRUE,Size,5x7 ft,DC-050-1,shopify,39,deny,manual,4999,https://picsum.photos/seed/dc50a/1200/1200.jpg,1,active
digital-carpet-050,,,,,,,,Size,6x9 ft,DC-050-2,shopify,39,deny,manual,5999,,,
digital-carpet-050,,,,,,,,,,,,,,,,https://picsum.photos/seed/dc50b/1200/1200.jpg,2,
