Type,SKU,Name,Published,Short description,Description,In stock?,Stock,Regular price,Categories,Images
simple,WC-001,Woo Digital Carpet 001,1,Modern digital carpet,"<p>Premium bedroom rugs with a modern digital print. Soft pile, easy to clean.</p><ul><li>Stain resistant</li><li>Sizes available</li></ul>",1,24,2499,Bedroom Rugs,"https://picsum.photos/seed/dc1a/1200/1200.jpg,https://picsum.photos/seed/dc1b/1200/1200.jpg"
simple,WC-002,Woo Digital Carpet 002,1,Modern digital carpet,"<p>Premium runners with a modern digital print. Soft pile, easy to clean.</p><ul><li>Stain resistant</li><li>Sizes available</li></ul>",1,25,6999,Runners,"https://picsum.photos/seed/dc2a/1200/1200.jpg,https://picsum.photos/seed/dc2b/1200/1200.jpg"
simple,WC-003,Woo Digital Carpet 003,1,Modern digital carpet,"<p>Premium doormats with a modern digital print. Soft pile, easy to clean.</p><ul><li>Stain resistant</li><li>Sizes available</li></ul>",1,34,4999,Doormats,"https://picsum.photos/seed/dc3a/1200/1200.jpg,https://picsum.photos/seed/dc3b/1200/1200.jpg"
simple,WC-004,Woo Digital Carpet 004,1,Modern digital carpet,"<p>Premium kids play mats with a modern digital print. Soft pile, easy to clean.</p><ul><li>Stain resistant</li><li>Sizes available</li></ul>",1,32,4999,Kids Play Mats,"https://picsum.photos/seed/dc4a/1200/1200.jpg,https://picsum.photos/seed/dc4b/1200/1200.jpg"
simple,WC-005,Woo Digital Carpet 005,1,Modern digital carpet,"<p>Premium living room carpets with a modern digital print. Soft pile, easy to clean.</p><ul><li>Stain resistant</li><li>Sizes available</li></ul>",1,8,1499,Living Room Carpets,"https://picsum.photos/seed/dc5a/1200/1200.jpg,https://picsum.photos/seed/dc5b/1200/1200.jpg"
simple,WC-006,Woo Digital Carpet 006,1,Modern digital carpet,"<p>Premium bedroom rugs with a modern digital print. Soft pile, easy to clean.</p><ul><li>Stain resistant</li><li>Sizes available</li></ul>",1,33,2499,Bedroom Rugs,"https://picsum.photos/seed/dc6a/1200/1200.jpg,https://picsum.photos/seed/dc6b/1200/1200.jpg"
simple,WC-007,Woo Digital Carpet 007,1,Modern digital carpet,"<p>Premium runners with a modern digital print. Soft pile, easy to clean.</p><ul><li>Stain resistant</li><li>Sizes available</li></ul>",1,7,6999,Runners,"https://picsum.photos/seed/dc7a/1200/1200.jpg,https://picsum.photos/seed/dc7b/1200/1200.jpg"
simple,WC-008,Woo Digital Carpet 008,1,Modern digital carpet,"<p>Premium doormats with a modern digital print. Soft pile, easy to clean.</p><ul><li>Stain resistant</li><li>Sizes available</li></ul>",1,22,1499,Doormats,"https://picsum.photos/seed/dc8a/1200/1200.jpg,https://picsum.photos/seed/dc8b/1200/1200.jpg"
simple,WC-009,Woo Digital Carpet 009,1,Modern digital carpet,"<p>Premium kids play mats with a modern digital print. Soft pile, easy to clean.</p><ul><li>Stain resistant</li><li>Sizes available</li></ul>",0,0,6999,Kids Play Mats,"https://picsum.photos/seed/dc9a/1200/1200.jpg,https://picsum.photos/seed/dc9b/1200/1200.jpg"
simple,WC-010,Woo Digital Carpet 010,1,Modern digital carpet,"<p>Premium living room carpets with a modern digital print. Soft pile, easy to clean.</p><ul><li>Stain resistant</li><li>Sizes available</li></ul>",1,31,4999,Living Room Carpets,"https://picsum.photos/seed/dc10a/1200/1200.jpg,https://picsum.photos/seed/dc10b/1200/1200.jpg"
simple,WC-011,Woo Digital Carpet 011,1,Modern digital carpet,"<p>Premium bedroom rugs with a modern digital print. Soft pile, easy to clean.</p><ul><li>Stain resistant</li><li>Sizes available</li></ul>",1,27,2499,Bedroom Rugs,"https://picsum.photos/seed/dc11a/1200/1200.jpg,https://picsum.photos/seed/dc11b/1200/1200.jpg"
simple,WC-012,Woo Digital Carpet 012,1,Modern digital carpet,"<p>Premium runners with a modern digital print. Soft pile, easy to clean.</p><ul><li>Stain resistant</li><li>Sizes available</li></ul>",1,25,6999,Runners,"https://picsum.photos/seed/dc12a/1200/1200.jpg,https://picsum.photos/seed/dc12b/1200/1200.jpg"
simple,WC-013,Woo Digital Carpet 013,1,Modern digital carpet,"<p>Premium doormats with a modern digital print. Soft pile, easy to clean.</p><ul><li>Stain resistant</li><li>Sizes available</li></ul>",1,32,1499,Doormats,"https://picsum.photos/seed/dc13a/1200/1200.jpg,https://picsum.photos/seed/dc13b/1200/1200.jpg"
simple,WC-014,Woo Digital Carpet 014,1,Modern digital carpet,"<p>Premium kids play mats with a modern digital print. Soft pile, easy to clean.</p><ul><li>Stain resistant</li><li>Sizes available</li></ul>",1,13,2499,Kids Play Mats,"https://picsum.photos/seed/dc14a/1200/1200.jpg,https://picsum.photos/seed/dc14b/1200/1200.jpg"
simple,WC-015,Woo Digital Carpet 015,1,Modern digital carpet,"<p>Premium living room carpets with a modern digital print. Soft pile, easy to clean.</p><ul><li>Stain resistant</li><li>Sizes available</li></ul>",1,10,4999,Living Room Carpets,"https://picsum.photos/seed/dc15a/1200/1200.jpg,https://picsum.photos/seed/dc15b/1200/1200.jpg"
simple,WC-016,Woo Digital Carpet 016,1,Modern digital carpet,"<p>Premium bedroom rugs with a modern digital print. Soft pile, easy to clean.</p><ul><li>Stain resistant</li><li>Sizes available</li></ul>",1,6,3499,Bedroom Rugs,"https://picsum.photos/seed/dc16a/1200/1200.jpg,https://picsum.photos/seed/dc16b/1200/1200.jpg"
simple,WC-017,Woo Digital Carpet 017,1,Modern digital carpet,"<p>Premium runners with a modern digital print. Soft pile, easy to clean.</p><ul><li>Stain resistant</li><li>Sizes available</li></ul>",1,21,1999,Runners,"https://picsum.photos/seed/dc17a/1200/1200.jpg,https://picsum.photos/seed/dc17b/1200/1200.jpg"
simple,WC-018,Woo Digital Carpet 018,1,Modern digital carpet,"<p>Premium doormats with a modern digital print. Soft pile, easy to clean.</p><ul><li>Stain resistant</li><li>Sizes available</li></ul>",0,0,1999,Doormats,"https://picsum.photos/seed/dc18a/1200/1200.jpg,https://picsum.photos/seed/dc18b/1200/1200.jpg"
simple,WC-019,Woo Digital Carpet 019,1,Modern digital carpet,"<p>Premium kids play mats with a modern digital print. Soft pile, easy to clean.</p><ul><li>Stain resistant</li><li>Sizes available</li></ul>",1,18,6999,Kids Play Mats,"https://picsum.photos/seed/dc19a/1200/1200.jpg,https://picsum.photos/seed/dc19b/1200/1200.jpg"
simple,WC-020,Woo Digital Carpet 020,1,Modern digital carpet,"<p>Premium living room carpets with a modern digital print. Soft pile, easy to clean.</p><ul><li>Stain resistant</li><li>Sizes available</li></ul>",1,28,3499,Living Room Carpets,"https://picsum.photos/seed/dc20a/1200/1200.jpg,https://picsum.photos/seed/dc20b/1200/1200.jpg"
simple,WC-021,Woo Digital Carpet 021,1,Modern digital carpet,"<p>Premium bedroom rugs with a modern digital print. Soft pile, easy to clean.</p><ul><li>Stain resistant</li><li>Sizes available</li></ul>",1,8,3499,Bedroom Rugs,"https://picsum.photos/seed/dc21a/1200/1200.jpg,https://picsum.photos/seed/dc21b/1200/1200.jpg"
simple,WC-022,Woo Digital Carpet 022,1,Modern digital carpet,"<p>Premium runners with a modern digital print. Soft pile, easy to clean.</p><ul><li>Stain resistant</li><li>Sizes available</li></ul>",1,31,1999,Runners,"https://picsum.photos/seed/dc22a/1200/1200.jpg,https://picsum.photos/seed/dc22b/1200/1200.jpg"
simple,WC-023,Woo Digital Carpet 023,1,Modern digital carpet,"<p>Premium doormats with a modern digital print. Soft pile, easy to clean.</p><ul><li>Stain resistant</li><li>Sizes available</li></ul>",1,38,3499,Doormats,"https://picsum.photos/seed/dc23a/1200/1200.jpg,https://picsum.photos/seed/dc23b/1200/1200.jpg"
simple,WC-024,Woo Digital Carpet 024,1,Modern digital carpet,"<p>Premium kids play mats with a modern digital print. Soft pile, easy to clean.</p><ul><li>Stain resistant</li><li>Sizes available</li></ul>",1,11,2499,Kids Play Mats,"https://picsum.photos/seed/dc24a/1200/1200.jpg,https://picsum.photos/seed/dc24b/1200/1200.jpg"
simple,WC-025,Woo Digital Carpet 025,1,Modern digital carpet,"<p>Premium living room carpets with a modern digital print. Soft pile, easy to clean.</p><ul><li>Stain resistant</li><li>Sizes available</li></ul>",1,38,3499,Living Room Carpets,"https://picsum.photos/seed/dc25a/1200/1200.jpg,https://picsum.photos/seed/dc25b/1200/1200.jpg"
simple,WC-026,Woo Digital Carpet 026,1,Modern digital carpet,"<p>Premium bedroom rugs with a modern digital print. Soft pile, easy to clean.</p><ul><li>Stain resistant</li><li>Sizes available</li></ul>",1,29,2499,Bedroom Rugs,"https://picsum.photos/seed/dc26a/1200/1200.jpg,https://picsum.photos/seed/dc26b/1200/1200.jpg"
simple,WC-027,Woo Digital Carpet 027,1,Modern digital carpet,"<p>Premium runners with a modern digital print. Soft pile, easy to clean.</p><ul><li>Stain resistant</li><li>Sizes available</li></ul>",0,0,2499,Runners,"https://picsum.photos/seed/dc27a/1200/1200.jpg,https://picsum.photos/seed/dc27b/1200/1200.jpg"
simple,WC-028,Woo Digital Carpet 028,1,Modern digital carpet,"<p>Premium doormats with a modern digital print. Soft pile, easy to clean.</p><ul><li>Stain resistant</li><li>Sizes available</li></ul>",1,27,6999,Doormats,"https://picsum.photos/seed/dc28a/1200/1200.jpg,https://picsum.photos/seed/dc28b/1200/1200.jpg"
simple,WC-029,Woo Digital Carpet 029,1,Modern digital carpet,"<p>Premium kids play mats with a modern digital print. Soft pile, easy to clean.</p><ul><li>Stain resistant</li><li>Sizes available</li></ul>",1,12,1999,Kids Play Mats,"https://picsum.photos/seed/dc29a/1200/1200.jpg,https://picsum.photos/seed/dc29b/1200/1200.jpg"
simple,WC-030,Woo Digital Carpet 030,1,Modern digital carpet,"<p>Premium living room carpets with a modern digital print. Soft pile, easy to clean.</p><ul><li>Stain resistant</li><li>Sizes available</li></ul>",1,14,1499,Living Room Carpets,"https://picsum.photos/seed/dc30a/1200/1200.jpg,https://picsum.photos/seed/dc30b/1200/1200.jpg"
simple,WC-031,Woo Digital Carpet 031,1,Modern digital carpet,"<p>Premium bedroom rugs with a modern digital print. Soft pile, easy to clean.</p><ul><li>Stain resistant</li><li>Sizes available</li></ul>",1,17,1999,Bedroom Rugs,"https://picsum.photos/seed/dc31a/1200/1200.jpg,https://picsum.photos/seed/dc31b/1200/1200.jpg"
simple,WC-032,Woo Digital Carpet 032,1,Modern digital carpet,"<p>Premium runners with a modern digital print. Soft pile, easy to clean.</p><ul><li>Stain resistant</li><li>Sizes available</li></ul>",1,17,6999,Runners,"https://picsum.photos/seed/dc32a/1200/1200.jpg,https://picsum.photos/seed/dc32b/1200/1200.jpg"
simple,WC-033,Woo Digital Carpet 033,1,Modern digital carpet,"<p>Premium doormats with a modern digital print. Soft pile, easy to clean.</p><ul><li>Stain resistant</li><li>Sizes available</li></ul>",1,34,1499,Doormats,"https://picsum.photos/seed/dc33a/1200/1200.jpg,https://picsum.photos/seed/dc33b/1200/1200.jpg"
simple,WC-034,Woo Digital Carpet 034,1,Modern digital carpet,"<p>Premium kids play mats with a modern digital print. Soft pile, easy to clean.</p><ul><li>Stain resistant</li><li>Sizes available</li></ul>",1,14,4999,Kids Play Mats,"https://picsum.photos/seed/dc34a/1200/1200.jpg,https://picsum.photos/seed/dc34b/1200/1200.jpg"
simple,WC-035,Woo Digital Carpet 035,1,Modern digital carpet,"<p>Premium living room carpets with a modern digital print. Soft pile, easy to clean.</p><ul><li>Stain resistant</li><li>Sizes available</li></ul>",1,21,2499,Living Room Carpets,"https://picsum.photos/seed/dc35a/1200/1200.jpg,https://picsum.photos/seed/dc35b/1200/1200.jpg"
simple,WC-036,Woo Digital Carpet 036,1,Modern digital carpet,"<p>Premium bedroom rugs with a modern digital print. Soft pile, easy to clean.</p><ul><li>Stain resistant</li><li>Sizes available</li></ul>",0,0,1499,Bedroom Rugs,"https://picsum.photos/seed/dc36a/1200/1200.jpg,https://picsum.photos/seed/dc36b/1200/1200.jpg"
simple,WC-037,Woo Digital Carpet 037,1,Modern digital carpet,"<p>Premium runners with a modern digital print. Soft pile, easy to clean.</p><ul><li>Stain resistant</li><li>Sizes available</li></ul>",1,29,1999,Runners,"https://picsum.photos/seed/dc37a/1200/1200.jpg,https://picsum.photos/seed/dc37b/1200/1200.jpg"
simple,WC-038,Woo Digital Carpet 038,1,Modern digital carpet,"<p>Premium doormats with a modern digital print. Soft pile, easy to clean.</p><ul><li>Stain resistant</li><li>Sizes available</li></ul>",1,26,4999,Doormats,"https://picsum.photos/seed/dc38a/1200/1200.jpg,https://picsum.photos/seed/dc38b/1200/1200.jpg"
simple,WC-039,Woo Digital Carpet 039,1,Modern digital carpet,"<p>Premium kids play mats with a modern digital print. Soft pile, easy to clean.</p><ul><li>Stain resistant</li><li>Sizes available</li></ul>",1,39,4999,Kids Play Mats,"https://picsum.photos/seed/dc39a/1200/1200.jpg,https://picsum.photos/seed/dc39b/1200/1200.jpg"
simple,WC-040,Woo Digital Carpet 040,1,Modern digital carpet,"<p>Premium living room carpets with a modern digital print. Soft pile, easy to clean.</p><ul><li>Stain resistant</li><li>Sizes available</li></ul>",1,11,2499,Living Room Carpets,"https://picsum.photos/seed/dc40a/1200/1200.jpg,https://picsum.photos/seed/dc40b/1200/1200.jpg"
simple,WC-041,Woo Digital Carpet 041,1,Modern digital carpet,"<p>Premium bedroom rugs with a modern digital print. Soft pile, easy to clean.</p><ul><li>Stain resistant</li><li>Sizes available</li></ul>",1,35,6999,Bedroom Rugs,"https://picsum.photos/seed/dc41a/1200/1200.jpg,https://picsum.photos/seed/dc41b/1200/1200.jpg"
simple,WC-042,Woo Digital Carpet 042,1,Modern digital carpet,"<p>Premium runners with a modern digital print. Soft pile, easy to clean.</p><ul><li>Stain resistant</li><li>Sizes available</li></ul>",1,6,4999,Runners,"https://picsum.photos/seed/dc42a/1200/1200.jpg,https://picsum.photos/seed/dc42b/1200/1200.jpg"
simple,WC-043,Woo Digital Carpet 043,1,Modern digital carpet,"<p>Premium doormats with a modern digital print. Soft pile, easy to clean.</p><ul><li>Stain resistant</li><li>Sizes available</li></ul>",1,38,3499,Doormats,"https://picsum.photos/seed/dc43a/1200/1200.jpg,https://picsum.photos/seed/dc43b/1200/1200.jpg"
simple,WC-044,Woo Digital Carpet 044,1,Modern digital carpet,"<p>Premium kids play mats with a modern digital print. Soft pile, easy to clean.</p><ul><li>Stain resistant</li><li>Sizes available</li></ul>",1,28,3499,Kids Play Mats,"https://picsum.photos/seed/dc44a/1200/1200.jpg,https://picsum.photos/seed/dc44b/1200/1200.jpg"
simple,WC-045,Woo Digital Carpet 045,1,Modern digital carpet,"<p>Premium living room carpets with a modern digital print. Soft pile, easy to clean.</p><ul><li>Stain resistant</li><li>Sizes available</li></ul>",0,0,3499,Living Room Carpets,"https://picsum.photos/seed/dc45a/1200/1200.jpg,https://picsum.photos/seed/dc45b/1200/1200.jpg"
simple,WC-046,Woo Digital Carpet 046,1,Modern digital carpet,"<p>Premium bedroom rugs with a modern digital print. Soft pile, easy to clean.</p><ul><li>Stain resistant</li><li>Sizes available</li></ul>",1,9,3499,Bedroom Rugs,"https://picsum.photos/seed/dc46a/1200/1200.jpg,https://picsum.photos/seed/dc46b/1200/1200.jpg"
simple,WC-047,Woo Digital Carpet 047,1,Modern digital carpet,"<p>Premium runners with a modern digital print. Soft pile, easy to clean.</p><ul><li>Stain resistant</li><li>Sizes available</li></ul>",1,28,3499,Runners,"https://picsum.photos/seed/dc47a/1200/1200.jpg,https://picsum.photos/seed/dc47b/1200/1200.jpg"
simple,WC-048,Woo Digital Carpet 048,1,Modern digital carpet,"<p>Premium doormats with a modern digital print. Soft pile, easy to clean.</p><ul><li>Stain resistant</li><li>Sizes available</li></ul>",1,15,1499,Doormats,"https://picsum.photos/seed/dc48a/1200/1200.jpg,https://picsum.photos/seed/dc48b/1200/1200.jpg"
simple,WC-049,Woo Digital Carpet 049,1,Modern digital carpet,"<p>Premium kids play mats with a modern digital print. Soft pile, easy to clean.</p><ul><li>Stain resistant</li><li>Sizes available</li></ul>",1,16,1499,Kids Play Mats,"https://picsum.photos/seed/dc49a/1200/1200.jpg,https://picsum.photos/seed/dc49b/1200/1200.jpg"
simple,WC-050,Woo Digital Carpet 050,1,Modern digital carpet,"<p>Premium living room carpets with a modern digital print. Soft pile, easy to clean.</p><ul><li>Stain resistant</li><li>Sizes available</li></ul>",1,13,3499,Living Room Carpets,"https://picsum.photos/seed/dc50a/1200/1200.jpg,https://picsum.photos/seed/dc50b/1200/1200.jpg"
